Round,PlayerId,Position:Y,Position:X,Speed,State,Boosting,Boost-Counter,Damage,#Boosts,#Oil,#Lizards,LastCyberTruck:Y,LastCyberTruck:X,#Tweets,#EMPs,Score
1,2,4,1,5,READY,false,0,0,0,0,0,,,0,0,0
2,2,4,7,6,ACCELERATING,false,0,0,0,0,0,,,0,0,0
3,2,4,15,8,ACCELERATING,false,0,0,1,0,1,,,0,0,8
4,2,4,30,15,USED_BOOST,true,5,0,0,0,2,,,0,0,16
5,2,4,45,15,USED_LIZARD,true,4,0,0,0,1,,,0,0,16
6,2,4,60,9,HIT_MUD,false,0,1,0,0,1,,,1,0,17
7,2,4,69,9,USED_LIZARD,false,0,1,0,0,0,,,1,0,17
8,2,4,78,9,ACCELERATING,false,0,1,0,1,0,,,1,1,25
9,2,4,87,9,USED_OIL,false,0,1,0,0,0,,,1,1,29
10,2,4,96,3,HIT_WALL,false,0,4,0,0,0,,,1,0,25
11,2,4,99,3,ACCELERATING,false,0,4,0,1,0,,,2,0,33
12,2,4,102,3,ACCELERATING,false,0,4,0,1,0,,,2,0,33
13,2,4,105,3,ACCELERATING,false,0,4,0,1,0,,,2,0,33
14,2,4,108,3,ACCELERATING,false,0,4,0,1,1,,,2,0,37
15,2,4,111,3,ACCELERATING,false,0,4,0,1,1,,,2,0,37
16,2,4,114,3,ACCELERATING,false,0,4,0,2,1,,,2,0,41
17,2,4,117,0,HIT_MUD,false,0,5,0,2,1,,,2,0,38
18,2,4,117,0,FIXED_CAR,false,0,3,0,2,1,,,2,0,38
19,2,4,120,3,ACCELERATING,false,0,3,0,2,1,,,2,0,38
20,2,4,126,6,ACCELERATING,false,0,3,0,2,1,,,2,0,38
21,2,4,132,6,ACCELERATING,false,0,3,0,2,1,,,2,0,38
22,2,4,138,6,ACCELERATING,false,0,3,0,3,1,,,2,0,42
23,2,4,144,6,USED_LIZARD,false,0,3,0,3,0,,,2,0,42
24,2,4,150,6,ACCELERATING,false,0,3,1,3,0,,,2,0,46
25,2,4,156,3,HIT_MUD,false,0,4,0,3,0,,,2,0,47
26,2,4,159,3,ACCELERATING,false,0,4,0,3,0,,,3,0,51
27,2,4,162,0,HIT_MUD,false,0,5,0,3,0,,,3,0,48
28,2,4,162,0,FIXED_CAR,false,0,3,0,3,0,,,3,0,48
29,2,4,165,3,ACCELERATING,false,0,3,0,3,0,,,3,0,48
30,2,4,171,6,ACCELERATING,false,0,3,0,3,0,,,3,1,52
31,2,4,177,6,ACCELERATING,false,0,3,0,3,0,,,3,1,52
32,2,4,183,6,ACCELERATING,false,0,3,0,3,0,,,3,1,52
33,2,4,189,6,ACCELERATING,false,0,3,0,3,0,,,3,1,52
34,2,4,195,6,ACCELERATING,false,0,3,0,3,0,,,3,1,52
35,2,4,201,6,ACCELERATING,false,0,3,0,3,0,,,3,1,52
36,2,4,207,6,ACCELERATING,false,0,3,0,3,0,,,4,1,56
37,2,4,213,6,ACCELERATING,false,0,3,0,3,0,,,4,1,56
38,2,4,219,3,HIT_MUD,false,0,4,0,3,0,,,4,1,53
39,2,4,222,3,ACCELERATING,false,0,4,0,3,0,,,4,1,53
40,2,4,225,3,ACCELERATING,false,0,4,0,3,0,,,4,1,53
41,2,4,228,3,ACCELERATING,false,0,4,0,3,0,,,4,1,53
42,2,4,231,3,ACCELERATING,false,0,4,0,3,0,,,4,1,53
43,2,4,234,3,ACCELERATING,false,0,4,0,3,0,,,4,1,53
44,2,4,237,0,HIT_MUD,false,0,5,0,3,0,,,4,1,50
45,2,4,237,0,FIXED_CAR,false,0,3,0,3,0,,,4,1,50
46,2,4,240,3,ACCELERATING,false,0,3,0,3,0,,,4,1,50
47,2,4,246,6,ACCELERATING,false,0,3,0,3,0,,,4,1,50
48,2,4,252,6,ACCELERATING,false,0,3,0,4,0,,,4,1,54
49,2,4,258,3,HIT_MUD,false,0,4,0,4,0,,,4,1,51
50,2,4,261,3,ACCELERATING,false,0,4,0,4,0,,,4,1,51
51,2,4,264,3,ACCELERATING,false,0,4,0,4,0,,,4,1,51
52,2,4,267,3,ACCELERATING,false,0,4,0,4,0,,,4,1,51
53,2,4,270,3,ACCELERATING,false,0,4,0,4,0,,,4,1,51
54,2,4,273,3,ACCELERATING,false,0,4,0,4,0,,,4,1,51
55,2,4,276,3,ACCELERATING,false,0,4,0,5,0,,,4,1,55
56,2,4,279,3,ACCELERATING,false,0,4,0,5,0,,,4,1,55
57,2,4,282,3,ACCELERATING,false,0,4,0,5,0,,,4,1,55
58,2,4,285,3,ACCELERATING,false,0,4,1,5,0,,,4,1,59
59,2,4,288,3,ACCELERATING,false,0,4,1,6,0,,,4,1,63
60,2,4,291,3,ACCELERATING,false,0,4,1,7,0,,,4,1,67
61,2,4,294,3,ACCELERATING,false,0,4,1,7,0,,,4,1,67
62,2,4,297,0,HIT_MUD,false,0,5,1,7,0,,,4,1,64
63,2,4,297,0,FIXED_CAR,false,0,3,1,7,0,,,4,1,64
64,2,4,300,3,ACCELERATING,false,0,3,1,7,0,,,4,1,64
65,2,4,306,6,ACCELERATING,false,0,3,1,7,0,,,4,1,64
66,2,4,312,3,HIT_MUD,false,0,4,0,7,0,,,4,1,65
67,2,4,315,0,HIT_MUD,false,0,5,0,7,0,,,4,1,62
68,2,4,315,0,FIXED_CAR,false,0,3,0,7,0,,,4,1,62
69,2,4,318,3,ACCELERATING,false,0,3,0,7,0,,,4,1,62
70,2,4,324,3,HIT_MUD,false,0,4,0,7,0,,,4,1,59
71,2,4,327,3,ACCELERATING,false,0,4,0,7,0,,,4,1,59
72,2,4,330,0,HIT_MUD,false,0,5,0,7,0,,,4,1,56
73,2,4,330,0,FIXED_CAR,false,0,3,0,7,0,,,4,1,56
74,2,4,333,3,ACCELERATING,false,0,3,0,7,0,,,4,1,56
75,2,4,339,3,HIT_MUD,false,0,4,0,7,0,,,4,1,53
76,2,4,342,0,HIT_MUD,false,0,5,0,7,0,,,4,1,50
77,2,4,342,0,FIXED_CAR,false,0,3,0,7,0,,,4,1,50
78,2,4,345,3,ACCELERATING,false,0,3,0,7,0,,,5,1,54
79,2,4,351,6,ACCELERATING,false,0,3,0,7,0,,,5,1,54
80,2,4,357,6,ACCELERATING,false,0,3,0,7,0,,,5,1,54
81,2,4,363,3,HIT_MUD,false,0,4,0,8,0,,,5,1,55
82,2,4,366,3,ACCELERATING,false,0,4,0,8,0,,,5,1,55
83,2,4,369,3,ACCELERATING,false,0,4,0,8,0,,,5,1,55
84,2,4,372,3,ACCELERATING,false,0,4,0,8,1,,,5,1,59
85,2,4,375,3,ACCELERATING,false,0,4,0,8,1,,,5,1,59
86,2,4,378,3,ACCELERATING,false,0,4,0,8,1,,,5,1,59
87,2,4,381,3,ACCELERATING,false,0,4,0,8,1,,,5,1,59
88,2,4,384,0,HIT_MUD,false,0,5,0,8,1,,,5,1,56
89,2,4,384,0,FIXED_CAR,false,0,3,0,8,1,,,5,1,56
90,2,4,387,3,ACCELERATING,false,0,3,0,9,1,,,5,1,60
91,2,4,393,3,HIT_MUD,false,0,4,0,9,1,,,5,1,57
92,2,4,396,3,ACCELERATING,false,0,4,0,9,1,,,5,1,57
93,2,4,399,0,HIT_MUD,false,0,5,0,9,1,,,5,1,54
94,2,4,399,0,FIXED_CAR,false,0,3,0,9,1,,,5,1,54
95,2,4,402,3,ACCELERATING,false,0,3,0,9,1,,,5,1,54
96,2,4,408,0,HIT_MUD,false,0,5,1,9,1,,,5,1,52
97,2,4,408,0,FIXED_CAR,false,0,3,1,9,1,,,5,1,52
98,2,4,411,3,ACCELERATING,false,0,3,1,9,1,,,5,1,52
99,2,4,417,3,HIT_MUD,false,0,4,1,9,1,,,5,1,49
100,2,4,420,3,ACCELERATING,false,0,4,1,9,1,,,5,1,49
101,2,4,423,3,ACCELERATING,false,0,4,1,9,1,,,5,1,49
102,2,4,426,3,ACCELERATING,false,0,4,1,9,1,,,5,1,49
103,2,4,429,3,ACCELERATING,false,0,4,1,9,1,,,5,1,49
104,2,4,432,3,ACCELERATING,false,0,4,1,9,1,,,5,1,49
105,2,4,435,3,ACCELERATING,false,0,4,1,9,1,,,5,1,49
106,2,4,438,3,ACCELERATING,false,0,4,1,9,1,,,5,1,49
107,2,4,441,3,ACCELERATING,false,0,4,1,9,1,,,5,1,49
108,2,4,444,3,ACCELERATING,false,0,4,1,9,1,,,5,1,49
109,2,4,447,3,ACCELERATING,false,0,4,1,9,1,,,5,1,49
110,2,4,450,3,ACCELERATING,false,0,4,1,9,1,,,5,1,49
111,2,4,453,3,ACCELERATING,false,0,4,2,9,1,,,5,1,53
112,2,4,456,3,ACCELERATING,false,0,4,2,9,1,,,5,1,53
113,2,4,459,0,HIT_MUD,false,0,5,2,9,1,,,5,1,50
114,2,4,459,0,FIXED_CAR,false,0,3,2,9,1,,,5,1,50
115,2,4,462,3,ACCELERATING,false,0,3,2,9,2,,,5,1,54
116,2,4,468,6,ACCELERATING,false,0,3,2,9,2,,,5,1,54
117,2,4,474,6,USED_BOOST,true,5,3,1,9,2,,,5,2,62
118,2,4,480,6,USED_BOOST,true,5,3,0,9,2,,,5,2,66
119,2,4,486,0,HIT_WALL,false,0,5,0,9,2,,,5,2,61
120,2,4,486,0,FIXED_CAR,false,0,3,0,9,2,,,5,2,61
121,2,4,489,3,ACCELERATING,false,0,3,0,9,2,,,6,2,65
122,2,4,495,6,ACCELERATING,false,0,3,0,9,2,,,6,2,65
123,2,4,501,6,USED_LIZARD,false,0,3,0,9,1,,,6,2,65
124,2,4,507,6,USED_LIZARD,false,0,3,0,9,0,,,6,2,65
125,2,4,513,0,HIT_MUD,false,0,5,0,9,0,,,6,2,59
126,2,4,513,0,FIXED_CAR,false,0,3,0,9,0,,,6,2,59
127,2,4,516,3,HIT_MUD,false,0,4,0,9,0,,,6,2,56
128,2,4,519,0,HIT_WALL,false,0,5,0,9,0,,,6,2,51
129,2,4,519,0,FIXED_CAR,false,0,3,0,9,0,,,6,2,51
130,2,4,522,3,ACCELERATING,false,0,3,0,9,0,,,6,2,51
131,2,4,528,6,ACCELERATING,false,0,3,0,9,0,,,6,2,51
132,2,4,534,3,HIT_MUD,false,0,4,0,9,0,,,6,2,48
133,2,4,537,3,ACCELERATING,false,0,4,0,9,0,,,6,2,48
134,2,4,540,3,ACCELERATING,false,0,4,0,9,0,,,6,2,48
135,2,4,543,3,ACCELERATING,false,0,4,0,9,0,,,6,2,48
136,2,4,546,3,ACCELERATING,false,0,4,0,9,0,,,6,2,48
137,2,4,549,3,ACCELERATING,false,0,4,0,9,0,,,6,2,48
138,2,4,552,3,ACCELERATING,false,0,4,0,10,0,,,6,2,52
139,2,4,555,3,ACCELERATING,false,0,4,0,10,0,,,6,3,56
140,2,4,558,0,HIT_MUD,false,0,5,0,10,0,,,6,3,53
141,2,4,558,0,FIXED_CAR,false,0,3,0,10,0,,,6,3,53
142,2,4,561,3,ACCELERATING,false,0,3,0,10,0,,,6,3,53
143,2,4,567,6,ACCELERATING,false,0,3,0,10,0,,,6,3,53
144,2,4,573,3,HIT_MUD,false,0,4,0,10,0,,,6,3,50
145,2,4,576,0,HIT_MUD,false,0,5,0,10,0,,,6,3,47
146,2,4,576,0,FIXED_CAR,false,0,3,0,10,0,,,6,3,47
147,2,4,579,3,ACCELERATING,false,0,3,0,10,0,,,6,3,47
148,2,4,585,6,ACCELERATING,false,0,3,0,10,1,,,6,3,51
149,2,4,591,6,ACCELERATING,false,0,3,0,10,1,,,6,3,51
150,2,4,597,6,ACCELERATING,false,0,3,0,10,1,,,6,3,51
151,2,4,603,6,ACCELERATING,false,0,3,0,10,1,,,7,3,55
152,2,4,609,6,ACCELERATING,false,0,3,0,10,1,,,7,3,55
153,2,4,615,6,ACCELERATING,false,0,3,0,10,1,,,7,3,55
154,2,4,621,6,ACCELERATING,false,0,3,0,10,1,,,7,3,55
155,2,4,627,6,ACCELERATING,false,0,3,0,10,1,,,7,3,55
156,2,4,633,6,ACCELERATING,false,0,3,0,10,1,,,7,3,55
157,2,4,639,6,USED_LIZARD,false,0,3,0,10,0,,,7,3,55
158,2,4,645,6,ACCELERATING,false,0,3,0,10,0,,,7,3,55
159,2,4,651,6,ACCELERATING,false,0,3,0,10,0,,,7,4,59
160,2,4,657,6,ACCELERATING,false,0,3,0,10,0,,,7,4,59
161,2,4,663,6,ACCELERATING,false,0,3,0,10,0,,,7,4,59
162,2,4,669,3,HIT_MUD,false,0,4,0,10,0,,,7,4,56
163,2,4,672,3,ACCELERATING,false,0,4,0,10,0,,,7,4,56
164,2,4,675,3,ACCELERATING,false,0,4,0,10,0,,,7,4,56
165,2,4,678,0,HIT_MUD,false,0,5,0,10,0,,,7,4,50
166,2,4,678,0,FIXED_CAR,false,0,3,0,10,0,,,7,4,50
167,2,4,681,0,HIT_MUD,false,0,5,0,10,0,,,7,4,44
168,2,4,681,0,FIXED_CAR,false,0,3,0,10,0,,,7,4,44
169,2,4,684,3,ACCELERATING,false,0,3,0,10,0,,,7,4,44
170,2,4,690,6,ACCELERATING,false,0,3,0,11,0,,,7,4,48
171,2,4,696,6,ACCELERATING,false,0,3,0,11,0,,,7,4,48
172,2,4,702,6,ACCELERATING,false,0,3,0,11,0,,,7,4,48
173,2,4,708,6,ACCELERATING,false,0,3,0,11,0,,,7,5,52
174,2,4,714,6,ACCELERATING,false,0,3,0,11,0,,,7,5,52
175,2,4,720,6,ACCELERATING,false,0,3,0,11,0,,,7,5,52
176,2,4,726,3,HIT_MUD,false,0,4,0,11,0,,,7,5,49
177,2,4,729,3,ACCELERATING,false,0,4,0,11,1,,,7,5,53
178,2,4,732,0,HIT_MUD,false,0,5,0,11,1,,,7,5,50
179,2,4,732,0,FIXED_CAR,false,0,3,0,11,1,,,7,5,50
180,2,4,735,3,ACCELERATING,false,0,3,0,11,1,,,7,5,50
181,2,4,741,6,ACCELERATING,false,0,3,0,11,1,,,7,5,50
182,2,4,747,6,ACCELERATING,false,0,3,0,11,1,,,7,5,50
183,2,4,753,0,HIT_WALL,false,0,5,0,11,1,,,7,5,40
184,2,4,753,0,FIXED_CAR,false,0,3,0,11,1,,,7,5,40
185,2,4,756,3,ACCELERATING,false,0,3,0,11,1,,,7,5,40
186,2,4,762,6,ACCELERATING,false,0,3,0,11,1,,,8,5,44
187,2,4,768,6,ACCELERATING,false,0,3,0,11,1,,,8,5,44
188,2,4,774,6,ACCELERATING,false,0,3,0,11,1,,,8,6,48
189,2,4,780,6,ACCELERATING,false,0,3,0,11,1,,,8,6,48
190,2,4,786,6,ACCELERATING,false,0,3,0,11,1,,,8,6,48
191,2,4,792,6,ACCELERATING,false,0,3,0,11,1,,,8,6,48
192,2,4,798,6,ACCELERATING,false,0,3,0,11,1,,,8,6,48
193,2,4,804,6,USED_LIZARD,false,0,3,0,11,0,,,8,6,48
194,2,4,810,6,ACCELERATING,false,0,3,0,11,0,,,8,6,48
195,2,4,816,6,ACCELERATING,false,0,3,0,11,0,,,8,6,48
196,2,4,822,0,HIT_WALL,false,0,5,0,11,0,,,8,6,43
197,2,4,822,0,FIXED_CAR,false,0,3,0,11,0,,,8,6,43
198,2,4,825,3,ACCELERATING,false,0,3,0,11,0,,,8,6,43
199,2,4,831,6,ACCELERATING,false,0,3,0,11,0,,,8,6,43
200,2,4,837,6,ACCELERATING,false,0,3,0,11,0,,,8,6,43
201,2,4,843,6,ACCELERATING,false,0,3,0,11,0,,,8,6,43
202,2,4,849,6,ACCELERATING,false,0,3,0,11,0,,,8,6,43
203,2,4,855,0,HIT_WALL,false,0,5,0,11,0,,,8,6,35
204,2,4,855,0,FIXED_CAR,false,0,3,0,11,0,,,8,6,35
205,2,4,858,3,ACCELERATING,false,0,3,0,11,0,,,8,6,35
206,2,4,864,0,HIT_MUD,false,0,5,0,11,0,,,8,6,23
207,2,4,864,0,FIXED_CAR,false,0,3,0,11,0,,,8,6,23
208,2,4,867,3,HIT_MUD,false,0,4,0,11,0,,,8,6,20
209,2,4,870,3,ACCELERATING,false,0,4,0,11,0,,,8,6,20
210,2,4,873,3,ACCELERATING,false,0,4,0,11,0,,,8,6,20
211,2,4,876,3,ACCELERATING,false,0,4,0,11,0,,,8,7,24
212,2,4,879,3,ACCELERATING,false,0,4,0,11,0,,,9,7,28
213,2,4,882,3,ACCELERATING,false,0,4,1,11,0,,,9,7,32
214,2,4,885,3,ACCELERATING,false,0,4,1,11,0,,,9,7,32
215,2,4,888,0,HIT_MUD,false,0,5,1,11,0,,,9,7,29
216,2,4,888,0,FIXED_CAR,false,0,3,1,11,0,,,9,7,29
217,2,4,891,3,HIT_MUD,false,0,4,1,12,0,,,9,7,30
218,2,4,894,0,HIT_MUD,false,0,5,1,12,0,,,9,7,27
219,2,4,894,0,FIXED_CAR,false,0,3,1,12,0,,,9,7,27
220,2,4,897,0,HIT_WALL,false,0,5,1,12,0,,,9,7,22
221,2,4,897,0,FIXED_CAR,false,0,3,1,12,0,,,9,7,22
222,2,4,900,3,ACCELERATING,false,0,3,1,12,0,,,9,7,22
223,2,4,906,6,ACCELERATING,false,0,3,1,12,0,,,9,7,22
224,2,4,912,6,USED_BOOST,true,5,3,0,12,0,,,9,7,26
225,2,4,918,3,HIT_MUD,false,0,4,0,12,0,,,9,7,23
226,2,4,921,3,ACCELERATING,false,0,4,0,12,0,,,9,7,23
227,2,4,924,3,ACCELERATING,false,0,4,0,12,0,,,9,7,23
228,2,4,927,3,ACCELERATING,false,0,4,0,12,0,,,9,7,23
229,2,4,930,3,ACCELERATING,false,0,4,0,12,0,,,9,7,23
230,2,4,933,3,ACCELERATING,false,0,4,0,12,0,,,9,7,23
231,2,4,936,3,ACCELERATING,false,0,4,0,12,0,,,9,7,23
232,2,4,939,3,ACCELERATING,false,0,4,0,12,0,,,9,7,23
233,2,4,942,3,ACCELERATING,false,0,4,0,12,0,,,9,7,23
234,2,4,945,3,ACCELERATING,false,0,4,0,12,0,,,9,7,23
235,2,4,948,0,HIT_MUD,false,0,5,0,12,0,,,9,7,20
236,2,4,948,0,FIXED_CAR,false,0,3,0,12,0,,,9,7,20
237,2,4,951,3,ACCELERATING,false,0,3,0,12,0,,,9,7,20
238,2,4,957,3,HIT_MUD,false,0,4,0,12,0,,,9,8,21
239,2,4,960,3,ACCELERATING,false,0,4,0,12,0,,,9,8,21
240,2,4,963,3,ACCELERATING,false,0,4,0,12,0,,,9,8,21
241,2,4,966,0,HIT_MUD,false,0,5,0,12,0,,,9,8,18
242,2,4,966,0,FIXED_CAR,false,0,3,0,12,0,,,9,8,18
243,2,4,969,3,ACCELERATING,false,0,3,0,12,0,,,9,8,18
244,2,4,975,0,HIT_WALL,false,0,5,0,12,0,,,9,8,13
245,2,4,975,0,FIXED_CAR,false,0,3,0,12,0,,,9,8,13
246,2,4,978,3,ACCELERATING,false,0,3,0,12,0,,,9,8,13
247,2,4,984,0,HIT_WALL,false,0,5,0,13,0,,,9,8,12
248,2,4,984,0,FIXED_CAR,false,0,3,0,13,0,,,9,8,12
249,2,4,987,3,ACCELERATING,false,0,3,0,13,0,,,9,8,12
250,2,4,993,3,HIT_MUD,false,0,4,0,13,0,,,9,8,9
251,2,4,996,3,ACCELERATING,false,0,4,0,13,0,,,9,8,9
252,2,4,999,3,ACCELERATING,false,0,4,0,13,0,,,9,8,9
253,2,4,1002,3,ACCELERATING,false,0,4,0,13,0,,,9,8,9
254,2,4,1005,3,ACCELERATING,false,0,4,0,13,0,,,9,8,9
255,2,4,1008,3,ACCELERATING,false,0,4,0,13,0,,,9,8,9
256,2,4,1011,3,ACCELERATING,false,0,4,0,13,0,,,9,8,9
257,2,4,1014,3,ACCELERATING,false,0,4,0,13,1,,,9,8,13
258,2,4,1017,3,ACCELERATING,false,0,4,1,13,1,,,9,9,21
259,2,4,1020,0,HIT_MUD,false,0,5,1,13,1,,,9,9,18
260,2,4,1020,0,FIXED_CAR,false,0,3,1,13,1,,,9,9,18
261,2,4,1023,3,ACCELERATING,false,0,3,1,13,1,,,9,9,18
262,2,4,1029,3,HIT_MUD,false,0,4,1,13,1,,,9,9,15
263,2,4,1032,3,ACCELERATING,false,0,4,1,13,1,,,9,9,15
264,2,4,1035,3,ACCELERATING,false,0,4,1,13,1,,,9,9,15
265,2,4,1038,3,ACCELERATING,false,0,4,1,13,1,,,9,9,15
266,2,4,1041,3,ACCELERATING,false,0,4,1,13,1,,,9,9,15
267,2,4,1044,3,ACCELERATING,false,0,4,1,13,1,,,9,9,15
268,2,4,1047,0,HIT_MUD,false,0,5,1,14,1,,,9,9,16
269,2,4,1047,0,FIXED_CAR,false,0,3,1,14,1,,,9,9,16
270,2,4,1050,3,ACCELERATING,false,0,3,1,14,1,,,9,9,16
271,2,4,1056,6,ACCELERATING,false,0,3,1,14,1,,,10,9,20
272,2,4,1062,6,USED_LIZARD,false,0,3,1,14,0,,,10,9,20
273,2,4,1068,3,HIT_MUD,false,0,4,0,14,0,,,10,9,21
274,2,4,1071,3,ACCELERATING,false,0,4,0,14,0,,,10,9,21
275,2,4,1074,3,ACCELERATING,false,0,4,0,14,0,,,10,9,21
276,2,4,1077,0,HIT_MUD,false,0,5,0,14,0,,,10,9,18
277,2,4,1077,0,FIXED_CAR,false,0,3,0,14,0,,,10,9,18
278,2,4,1080,0,HIT_MUD,false,0,5,0,14,0,,,10,9,12
279,2,4,1080,0,FIXED_CAR,false,0,3,0,14,0,,,10,9,12
280,2,4,1083,3,ACCELERATING,false,0,3,0,14,0,,,10,9,12
281,2,4,1089,3,HIT_MUD,false,0,4,0,14,0,,,10,9,9
282,2,4,1092,3,ACCELERATING,false,0,4,0,14,1,,,10,9,13
283,2,4,1095,3,ACCELERATING,false,0,4,0,14,1,,,10,9,13
284,2,4,1098,3,ACCELERATING,false,0,4,0,14,2,,,10,9,17
285,2,4,1101,3,ACCELERATING,false,0,4,0,14,2,,,10,9,17
286,2,4,1104,3,ACCELERATING,false,0,4,0,14,2,,,10,9,17
287,2,4,1107,3,ACCELERATING,false,0,4,0,14,2,,,10,9,17
288,2,4,1110,0,HIT_MUD,false,0,5,0,14,2,,,10,9,14
289,2,4,1110,0,FIXED_CAR,false,0,3,0,14,2,,,10,9,14
290,2,4,1113,3,ACCELERATING,false,0,3,1,14,2,,,10,9,18
291,2,4,1119,6,ACCELERATING,false,0,3,1,14,2,,,10,9,18
292,2,4,1125,6,USED_BOOST,true,5,3,0,14,3,,,10,9,26
293,2,4,1131,6,ACCELERATING,true,4,3,0,14,3,,,10,9,26
294,2,4,1137,6,ACCELERATING,true,3,3,0,14,3,,,10,9,26
295,2,4,1143,3,HIT_MUD,false,0,4,0,14,2,,,10,9,23
296,2,4,1146,0,HIT_MUD,false,0,5,0,14,2,,,10,9,14
297,2,4,1146,0,FIXED_CAR,false,0,3,0,14,2,,,10,9,14
298,2,4,1149,0,HIT_MUD,false,0,5,0,14,2,,,10,9,8
299,2,4,1149,0,FIXED_CAR,false,0,3,0,14,2,,,10,9,8
300,2,4,1152,3,HIT_MUD,false,0,4,0,14,2,,,10,9,5
301,2,4,1155,0,HIT_MUD,false,0,5,0,14,2,,,11,9,6
302,2,4,1155,0,FIXED_CAR,false,0,3,0,14,2,,,11,9,6
303,2,4,1158,3,ACCELERATING,false,0,3,0,14,2,,,11,9,6
304,2,4,1164,6,ACCELERATING,false,0,3,0,14,2,,,11,9,6
305,2,4,1170,3,HIT_MUD,false,0,4,0,14,1,,,11,9,3
306,2,4,1173,0,HIT_MUD,false,0,5,0,14,1,,,11,9,0
307,2,4,1173,0,FIXED_CAR,false,0,3,0,14,1,,,11,9,0
308,2,4,1176,3,ACCELERATING,false,0,3,0,14,1,,,11,9,0
309,2,4,1182,6,ACCELERATING,false,0,3,0,14,1,,,11,9,0
310,2,4,1188,6,USED_LIZARD,false,0,3,0,14,0,,,11,9,0
311,2,4,1194,6,ACCELERATING,false,0,3,0,14,0,,,11,9,0
312,2,4,1200,6,ACCELERATING,false,0,3,0,14,0,,,12,9,4
313,2,4,1206,6,ACCELERATING,false,0,3,0,14,0,,,12,10,8
314,2,4,1212,6,ACCELERATING,false,0,3,0,14,0,,,12,10,8
315,2,4,1218,6,ACCELERATING,false,0,3,0,14,0,,,12,10,8
316,2,4,1224,3,HIT_MUD,false,0,4,1,14,0,,,12,10,9
317,2,4,1227,3,ACCELERATING,false,0,4,1,14,0,,,12,10,9
318,2,4,1230,3,ACCELERATING,false,0,4,1,14,0,,,12,10,9
319,2,4,1233,3,ACCELERATING,false,0,4,1,14,0,,,12,10,9
320,2,4,1236,3,ACCELERATING,false,0,4,1,14,0,,,12,10,9
321,2,4,1239,3,ACCELERATING,false,0,4,1,14,0,,,12,10,9
322,2,4,1242,3,ACCELERATING,false,0,4,1,14,0,,,12,10,9
323,2,4,1245,3,ACCELERATING,false,0,4,1,14,0,,,12,10,9
324,2,4,1248,3,ACCELERATING,false,0,4,1,15,0,,,12,10,13
325,2,4,1251,3,ACCELERATING,false,0,4,1,15,0,,,12,10,13
326,2,4,1254,3,ACCELERATING,false,0,4,1,15,0,,,12,10,13
327,2,4,1257,0,HIT_MUD,false,0,5,1,15,0,,,12,10,10
328,2,4,1257,0,FIXED_CAR,false,0,3,1,15,0,,,12,10,10
329,2,4,1260,3,ACCELERATING,false,0,3,1,15,0,,,12,11,14
330,2,4,1266,3,HIT_MUD,false,0,4,1,15,0,,,12,11,11
331,2,4,1269,3,ACCELERATING,false,0,4,1,15,0,,,12,11,11
332,2,4,1272,3,ACCELERATING,false,0,4,1,15,0,,,12,11,11
333,2,4,1275,3,ACCELERATING,false,0,4,1,15,0,,,12,11,11
334,2,4,1278,0,HIT_MUD,false,0,5,1,15,0,,,12,11,8
335,2,4,1278,0,FIXED_CAR,false,0,3,1,15,0,,,12,11,8
336,2,4,1281,0,HIT_WALL,false,0,5,1,15,0,,,12,11,3
337,2,4,1281,0,FIXED_CAR,false,0,3,1,15,0,,,12,11,3
338,2,4,1284,3,ACCELERATING,false,0,3,1,15,0,,,12,11,3
339,2,4,1290,6,ACCELERATING,false,0,3,1,15,0,,,12,11,3
340,2,4,1296,3,HIT_MUD,false,0,4,0,15,0,,,12,11,4
341,2,4,1299,3,ACCELERATING,false,0,4,0,15,0,,,12,11,4
342,2,4,1302,3,ACCELERATING,false,0,4,0,15,0,,,12,11,4
343,2,4,1305,3,ACCELERATING,false,0,4,0,15,0,,,12,11,4
344,2,4,1308,3,ACCELERATING,false,0,4,0,15,0,,,12,11,4
345,2,4,1311,3,ACCELERATING,false,0,4,0,15,0,,,12,11,4
346,2,4,1314,3,ACCELERATING,false,0,4,0,15,0,,,12,11,4
347,2,4,1317,3,ACCELERATING,false,0,4,0,15,0,,,12,11,4
348,2,4,1320,3,ACCELERATING,false,0,4,0,15,0,,,12,11,4
349,2,4,1323,3,ACCELERATING,false,0,4,0,15,0,,,12,11,4
350,2,4,1326,3,ACCELERATING,false,0,4,0,15,0,,,12,11,4
351,2,4,1329,3,ACCELERATING,false,0,4,0,15,0,,,12,11,4
352,2,4,1332,3,ACCELERATING,false,0,4,0,15,0,,,12,11,4
353,2,4,1335,3,ACCELERATING,false,0,4,0,15,0,,,12,11,4
354,2,4,1338,3,ACCELERATING,false,0,4,0,15,0,,,12,11,4
355,2,4,1341,3,ACCELERATING,false,0,4,0,15,0,,,12,11,4
356,2,4,1344,0,HIT_MUD,false,0,5,0,15,0,,,12,11,1
357,2,4,1344,0,FIXED_CAR,false,0,3,0,15,0,,,12,11,1
358,2,4,1347,3,ACCELERATING,false,0,3,0,15,0,,,12,11,1
359,2,4,1353,6,ACCELERATING,false,0,3,1,15,0,,,12,11,5
360,2,4,1359,6,USED_BOOST,true,5,3,0,15,0,,,12,11,9
361,2,4,1365,0,HIT_MUD,false,0,5,0,15,0,,,12,11,3
362,2,4,1365,0,FIXED_CAR,false,0,3,0,15,0,,,12,11,3
363,2,4,1368,3,ACCELERATING,false,0,3,0,15,0,,,12,11,3
364,2,4,1374,6,ACCELERATING,false,0,3,0,15,1,,,12,11,7
365,2,4,1380,6,ACCELERATING,false,0,3,0,15,1,,,12,11,7
366,2,4,1386,6,ACCELERATING,false,0,3,0,15,1,,,12,11,7
367,2,4,1392,3,HIT_MUD,false,0,4,0,15,0,,,12,11,4
368,2,4,1395,3,ACCELERATING,false,0,4,0,15,0,,,12,12,8
369,2,4,1398,3,ACCELERATING,false,0,4,0,15,0,,,12,12,8
370,2,4,1401,3,ACCELERATING,false,0,4,0,15,0,,,12,12,8
371,2,4,1404,3,ACCELERATING,false,0,4,0,15,0,,,12,12,8
372,2,4,1407,3,ACCELERATING,false,0,4,0,15,0,,,12,12,8
373,2,4,1410,3,ACCELERATING,false,0,4,0,15,0,,,12,12,8
374,2,4,1413,3,ACCELERATING,false,0,4,0,15,0,,,13,12,12
375,2,4,1416,3,ACCELERATING,false,0,4,0,15,0,,,13,12,12
376,2,4,1419,3,ACCELERATING,false,0,4,0,15,0,,,13,12,12
377,2,4,1422,3,ACCELERATING,false,0,4,0,15,0,,,13,12,12
378,2,4,1425,3,ACCELERATING,false,0,4,0,15,0,,,13,12,12
379,2,4,1428,3,ACCELERATING,false,0,4,1,15,0,,,14,12,20
380,2,4,1431,0,HIT_MUD,false,0,5,1,15,0,,,14,12,17
381,2,4,1431,0,FIXED_CAR,false,0,3,1,15,0,,,14,12,17
382,2,4,1434,3,ACCELERATING,false,0,3,1,15,0,,,14,12,17
383,2,4,1440,3,HIT_MUD,false,0,4,1,15,0,,,14,12,14
384,2,4,1443,3,ACCELERATING,false,0,4,1,15,0,,,14,12,14
385,2,4,1446,3,ACCELERATING,false,0,4,1,15,0,,,14,12,14
386,2,4,1449,3,ACCELERATING,false,0,4,1,15,0,,,14,13,18
387,2,4,1452,0,HIT_MUD,false,0,5,1,15,0,,,15,13,19
388,2,4,1452,0,FIXED_CAR,false,0,3,1,15,0,,,15,13,19
389,2,4,1455,3,ACCELERATING,false,0,3,1,15,0,,,15,13,19
390,2,4,1461,6,ACCELERATING,false,0,3,1,15,0,,,16,13,23
391,2,4,1467,6,USED_BOOST,true,5,3,0,15,0,,,16,13,27
392,2,4,1473,6,ACCELERATING,true,4,3,0,15,0,,,16,13,27
393,2,4,1479,6,ACCELERATING,true,3,3,0,15,0,,,16,13,27
394,2,4,1485,3,HIT_MUD,false,0,4,0,15,0,,,16,13,24
395,2,4,1488,0,HIT_MUD,false,0,5,0,15,0,,,17,13,25
396,2,4,1488,0,FIXED_CAR,false,0,3,0,15,0,,,17,13,25
397,2,4,1491,0,HIT_MUD,false,0,5,0,15,0,,,17,13,19
398,2,4,1491,0,FIXED_CAR,false,0,3,0,15,0,,,17,13,19
399,2,4,1494,3,ACCELERATING,false,0,3,1,15,0,,,17,13,23
